Folder,Org,Logo,LinkOrg,Subtitle,Meta,Deskripsi,Skills
surveyor-ipm-bandung,IPB University,ipb-university.jpg,https://www.linkedin.com/school/ipbuniversityindonesia/,Part-time · On-site,"Aug 2024 · 1 mo
Bandung, West Java, Indonesia","Conducted socio-economic surveys with 25 respondents per enumerator across diverse economic groups.
Surveyed multiple villages/subdistricts over 5 days with a team of 31 IPB Statistics students.
Supported data collection for human development analysis.","Effective Communication and Public Relations
Data Collection"
marketing-specialist-statify,Statify,statify.jpg,https://www.linkedin.com/company/statifyipb/,Full-time · On-site,"Feb 2025 - Present · 1 yr 6 mos
Indonesia","Designed cross-platform branding assets (Instagram, LinkedIn, presentations) using Figma, Illustrator, and Photoshop.
Independently built monthly Tableau performance dashboard post, from raw data preparation to final design and publication.
Provided statistical consulting for client projects on path analysis (SPSS) and panel data (EViews).","Project Management
Graphic Design
Statistical Consulting"
