Tampilkan,Judul,Deskripsi,Poin,Ikon,Urutan
TRUE,"Product
Designer","Service with more than 3 years of experience. Providing quality work to clients and companies.","I develop the user interface.
Web page development.
I create ux element interactions.
I position your company brand.
Design and mockups or products for companies.",uil-web-grid,1
TRUE,"Ui/Ux
Designer","Service with more than 3 years of experience. Providing quality work to clients and companies.","I develop the user interface.
Web page development.
I create ux element interactions.
I position your company brand.
Design and mockups or products for companies.",uil-arrow,2
TRUE,"Visual
Designer","Service with more than 3 years of experience. Providing quality work to clients and companies.","I develop the user interface.
Web page development.
I create ux element interactions.
I position your company brand.
Design and mockups or products for companies.",uil-edit,3
